<?xml version="1.0" encoding="UTF-8"?>
<!DOCTYPE struts-config PUBLIC
"-//Apache Software Foundation//DTD Struts Configuration 1.3//EN"
"http://struts.apache.org/dtds/struts-config_1_3.dtd">   
<struts-config>
    <form-beans>      
        <form-bean name="loginForm" type="common.form.LoginForm"/>
        <form-bean name="addForm" type="common.form.LoginForm"/>
        <form-bean name="remForm" type="common.form.LoginForm"/>
        <form-bean name="listForm" type="common.form.LoginForm"/>
        <form-bean name="updateForm" type="common.form.LoginForm"/>
    </form-beans>
    <action-mappings>
        <action name="loginForm" path="/login" type="common.action.LoginAction" scope="request" input="/login.jsp">
            <forward name="failure" path="/Error.jsp" redirect="true"/>
            <forward name="success" path="/success.jsp" redirect="true"/>
        </action>
         <action name="addForm" path="/adding" type="common.action.AddUserAction" scope="request" input="/login.jsp">
            <forward name="success" path="/AddedUser.jsp" redirect="true"/>
        </action>
         <action name="remForm" path="/removing" type="common.action.RemoveUserAction" scope="session" input="/login.jsp">
            <forward name="success" path="/RemovedUser.jsp" redirect="true"/>
        </action>
        <action name="listForm" path="/listing" type="common.action.ListAction" scope="session">
            <forward name="success" path="/ListData.jsp" redirect="true"/>
        </action>
        <action name="updateForm" path="/updating" type="common.action.UpdateAction" scope="session">
            <forward name="success" path="/AddedData.jsp" redirect="true"/>
        </action>
    </action-mappings>
</struts-config>